사고번호,사고일시,요일,시군구,사고내용,사망자수,중상자수,경상자수,부상신고자수,사고유형,법규위반,노면상태,기상상태,도로형태,가해운전자 차종,가해운전자 성별,가해운전자 연령,가해운전자 상해정도,피해운전자 차종,피해운전자 성별,피해운전자 연령,피해운전자 상해정도
2018042700100338,2018년 4월 27일 15시,금요일,경상북도 상주시 화서면,사망사고,1,2,7,0,차대차 - 추돌,안전운전불이행,건조,맑음,단일로 - 기타,승합,남,63세,상해없음,승용,여,44세,중상
2018052200100254,2018년 5월 22일 12시,화요일,경상북도 상주시 낙동면,경상사고,0,0,2,0,차대차 - 기타,안전운전불이행,건조,맑음,단일로 - 기타,화물,남,63세,상해없음,승용,여,47세,경상
2018071500100272,2018년 7월 15일 15시,일요일,경상북도 의성군 단촌면,중상사고,0,2,1,0,차대차 - 측면충돌,과속,건조,맑음,단일로 - 기타,승용,남,60세,상해없음,승용,남,54세,중상
2018080100100088,2018년 8월 1일 06시,수요일,경상북도 상주시 화서면,중상사고,0,2,1,0,차대차 - 측면충돌,안전운전불이행,건조,맑음,단일로 - 기타,화물,남,42세,상해없음,승용,남,35세,중상
2018090800100211,2018년 9월 8일 10시,토요일,경상북도 상주시 화서면,경상사고,0,0,1,0,차대차 - 기타,안전운전불이행,건조,맑음,단일로 - 기타,승용,남,45세,상해없음,승용,남,25세,경상
2018122200100014,2018년 12월 22일 00시,토요일,경상북도 상주시 낙동면,경상사고,0,0,1,0,차대차 - 기타,안전운전불이행,건조,맑음,단일로 - 기타,화물,남,53세,상해없음,특수,남,40세,경상
2019010900100482,2019년 1월 9일 20시,수요일,경상북도 상주시 화서면,중상사고,0,1,1,0,차대차 - 기타,안전운전불이행,건조,맑음,단일로 - 기타,기타불명,기타불명,미분류,기타불명,승용,남,26세,중상
2019011300100022,2019년 1월 13일 00시,일요일,충청북도 청주시 상당구 문의면,경상사고,0,0,5,0,차대차 - 기타,중앙선침범,건조,맑음,단일로 - 기타,승용,여,42세,경상,승용,남,40세,경상
2019011800100592,2019년 1월 18일 21시,금요일,충청남도 예산군 신양면,경상사고,0,0,1,0,차대차 - 측면충돌,안전운전불이행,건조,맑음,단일로 - 기타,승용,남,22세,상해없음,화물,남,57세,경상
2019020500100120,2019년 2월 5일 12시,화요일,충청남도 당진시 사기소리,경상사고,0,0,1,0,차대차 - 추돌,안전거리미확보,건조,맑음,단일로 - 기타,승용,남,46세,상해없음,승용,여,50세,경상
2019021300100508,2019년 2월 13일 20시,수요일,충청북도 보은군 마로면,중상사고,0,1,4,0,차대차 - 추돌,안전거리미확보,건조,맑음,단일로 - 기타,승용,남,58세,경상,승용,남,30세,중상
2019021800100538,2019년 2월 18일 22시,월요일,세종특별자치시 세종특별자치시 금남면,중상사고,0,1,0,0,차대차 - 측면충돌,기타,젖음/습기,비,단일로 - 기타,화물,남,35세,상해없음,승용,남,49세,중상
2019022200100078,2019년 2월 22일 05시,금요일,충청남도 공주시 유구읍,경상사고,0,0,1,0,차대차 - 기타,안전운전불이행,건조,맑음,단일로 - 기타,화물,남,42세,상해없음,화물,남,54세,경상
2019022500100037,2019년 2월 25일 02시,월요일,세종특별자치시 세종특별자치시 장군면,중상사고,0,1,0,0,차대차 - 추돌,안전운전불이행,건조,맑음,단일로 - 기타,화물,남,46세,상해없음,화물,남,68세,중상
2019030100100268,2019년 3월 1일 14시,금요일,충청북도 보은군 회인면,경상사고,0,0,1,0,차대차 - 추돌,안전거리미확보,건조,맑음,단일로 - 기타,승용,남,32세,상해없음,승용,남,29세,경상
2019030400100549,2019년 3월 4일 23시,월요일,충청북도 보은군 마로면,중상사고,0,1,1,0,차대차 - 추돌,안전운전불이행,건조,맑음,단일로 - 기타,승용,남,28세,중상,화물,남,53세,경상
2019030500100029,2019년 3월 5일 00시,화요일,충청북도 보은군 마로면,경상사고,0,0,2,0,차대차 - 추돌,안전운전불이행,건조,맑음,단일로 - 기타,화물,남,58세,상해없음,화물,남,35세,경상
2019030800100036,2019년 3월 8일 01시,금요일,충청북도 청주시 상당구 문의면,중상사고,0,1,1,0,차대차 - 추돌,안전운전불이행,건조,맑음,단일로 - 기타,화물,남,34세,경상,화물,남,60세,중상
2019032100100589,2019년 3월 21일 21시,목요일,충청남도 공주시 유구읍,사망사고,1,0,0,0,차대차 - 추돌,안전운전불이행,건조,맑음,단일로 - 터널,승용,남,39세,사망,화물,남,43세,상해없음
2019040300100268,2019년 4월 3일 12시,수요일,경상북도 상주시 내서면,사망사고,1,0,1,0,차대차 - 추돌,안전운전불이행,건조,맑음,단일로 - 기타,화물,남,53세,사망,화물,남,37세,경상
2019040700100382,2019년 4월 7일 17시,일요일,충청남도 예산군 오가면,경상사고,0,0,1,0,차대차 - 측면충돌,안전운전불이행,건조,맑음,기타 - 기타,승용,남,20세,상해없음,승용,남,25세,경상
2019042700100559,2019년 4월 27일 18시,토요일,경상북도 상주시 화서면,중상사고,0,3,0,0,차대차 - 추돌,안전운전불이행,건조,맑음,단일로 - 기타,화물,남,42세,상해없음,승용,여,31세,중상
2019051000100465,2019년 5월 10일 16시,금요일,충청북도 보은군 회인면,경상사고,0,0,5,0,차대차 - 추돌,안전운전불이행,건조,맑음,단일로 - 기타,승용,남,28세,경상,승용,여,37세,경상
2019051300100278,2019년 5월 13일 12시,월요일,경상북도 청송군 파천면,중상사고,0,1,0,0,차대차 - 추돌,안전운전불이행,건조,맑음,단일로 - 터널,승합,남,54세,상해없음,승용,남,53세,중상
2019051900100564,2019년 5월 19일 22시,일요일,충청남도 당진시 면천면,경상사고,0,0,4,0,차대차 - 측면충돌,안전운전불이행,건조,맑음,단일로 - 기타,승합,남,58세,상해없음,승용,남,43세,상해없음
2019052400100591,2019년 5월 24일 18시,금요일,충청남도 공주시 우성면,경상사고,0,0,3,4,차대차 - 추돌,안전거리미확보,건조,맑음,단일로 - 기타,승용,남,68세,상해없음,승용,남,23세,경상
2019052500100294,2019년 5월 25일 12시,토요일,충청북도 보은군 탄부면,중상사고,0,1,0,0,차대차 - 기타,안전운전불이행,건조,맑음,단일로 - 기타,승용,여,37세,상해없음,승용,남,58세,중상
2019052800100225,2019년 5월 28일 10시,화요일,충청북도 보은군 수한면,사망사고,1,3,3,0,차대차 - 추돌,안전운전불이행,건조,맑음,단일로 - 기타,화물,남,53세,상해없음,승용,남,74세,경상
2019053000100348,2019년 5월 30일 14시,목요일,경상북도 상주시 화서면,중상사고,0,1,3,0,차대차 - 추돌,안전운전불이행,건조,맑음,단일로 - 터널,화물,남,73세,중상,승합,남,52세,경상
2019060200100399,2019년 6월 2일 19시,일요일,세종특별자치시 세종특별자치시 장군면,중상사고,0,1,0,0,차량단독 - 기타,안전운전불이행,건조,맑음,단일로 - 기타,승용,여,59세,중상,,,,
2019060400100098,2019년 6월 4일 07시,화요일,충청남도 공주시 월미동,사망사고,3,1,0,0,차대차 - 정면충돌,중앙선침범,건조,맑음,기타 - 기타,화물,남,40세,사망,승용,여,29세,사망
2019061700100020,2019년 6월 17일 00시,월요일,충청북도 보은군 수한면,경상사고,0,0,6,0,차량단독 - 공작물충돌,안전운전불이행,건조,맑음,단일로 - 기타,승합,남,21세,상해없음,,,,
2019062100100066,2019년 6월 21일 04시,금요일,충청남도 당진시 면천면,중상사고,0,1,0,0,차대차 - 기타,안전운전불이행,건조,맑음,단일로 - 기타,승용,여,40세,상해없음,화물,남,45세,중상
2019062300100429,2019년 6월 23일 17시,일요일,충청남도 공주시 월미동,중상사고,0,1,2,0,차량단독 - 기타,안전운전불이행,건조,맑음,단일로 - 기타,승합,남,61세,상해없음,,,,
2019062400100301,2019년 6월 24일 12시,월요일,충청북도 보은군 수한면,중상사고,0,1,2,0,차대차 - 추돌,안전운전불이행,건조,맑음,단일로 - 기타,승용,남,43세,상해없음,승용,남,43세,중상
2019070500100385,2019년 7월 5일 15시,금요일,충청북도 청주시 상당구 문의면,중상사고,0,1,4,0,차대차 - 추돌,안전거리미확보,건조,맑음,단일로 - 터널,승용,남,33세,상해없음,승용,남,25세,경상
2019070600100085,2019년 7월 6일 03시,토요일,충청남도 공주시 의당면,중상사고,0,1,0,0,차량단독 - 기타,과속,건조,맑음,단일로 - 기타,승용,남,25세,상해없음,,,,
2019070800100051,2019년 7월 8일 04시,월요일,충청남도 예산군 고덕면,경상사고,0,0,1,0,차대차 - 추돌,안전운전불이행,건조,맑음,단일로 - 기타,화물,남,57세,기타불명,승용,남,49세,경상
2019071200100510,2019년 7월 12일 17시,금요일,경상북도 상주시 거동동,중상사고,0,1,0,0,차대사람 - 기타,안전운전불이행,건조,맑음,기타 - 기타,승합,여,48세,상해없음,보행자,여,64세,중상
2019071700100495,2019년 7월 17일 18시,수요일,충청남도 당진시 면천면,사망사고,1,0,1,0,차량단독 - 전도전복 - 전복,안전운전불이행,건조,흐림,단일로 - 기타,승용,여,24세,사망,,,,
2019071900100039,2019년 7월 19일 00시,금요일,충청북도 보은군 탄부면,중상사고,0,1,0,0,차대차 - 기타,안전운전불이행,건조,맑음,단일로 - 지하차도(도로)내,화물,남,67세,상해없음,화물,남,54세,중상
2019072300100043,2019년 7월 23일 01시,화요일,충청북도 보은군 마로면,중상사고,0,1,0,0,차대차 - 추돌,안전운전불이행,건조,맑음,단일로 - 기타,화물,남,44세,상해없음,화물,남,62세,중상
2019072900100382,2019년 7월 29일 15시,월요일,충청북도 보은군 장안면,중상사고,0,2,6,0,차대차 - 추돌,안전운전불이행,건조,맑음,단일로 - 기타,승용,남,28세,상해없음,승용,남,49세,경상
2019080200100068,2019년 8월 2일 04시,금요일,충청북도 보은군 회인면,사망사고,1,0,1,0,차대차 - 추돌,안전운전불이행,건조,맑음,단일로 - 기타,화물,남,68세,사망,화물,남,69세,경상
2019081400100279,2019년 8월 14일 11시,수요일,충청남도 공주시 우성면,경상사고,0,0,1,0,차대차 - 추돌,안전운전불이행,건조,맑음,단일로 - 기타,화물,남,24세,상해없음,특수,남,27세,경상
2019081400100486,2019년 8월 14일 16시,수요일,충청남도 공주시 쌍신동,경상사고,0,0,1,0,차대차 - 기타,안전운전불이행,건조,맑음,기타 - 기타,화물,남,75세,상해없음,승용,여,47세,경상
2019082000100368,2019년 8월 20일 15시,화요일,충청북도 보은군 회인면,경상사고,0,0,3,1,차대차 - 추돌,안전운전불이행,건조,맑음,단일로 - 기타,승용,남,21세,상해없음,화물,남,28세,경상
2019082700100601,2019년 8월 27일 20시,화요일,경상북도 상주시 내서면,경상사고,0,0,1,0,차대차 - 추돌,안전운전불이행,건조,맑음,단일로 - 기타,기타불명,기타불명,미분류,기타불명,승용,남,49세,상해없음
2019091100100722,2019년 9월 11일 19시,수요일,충청북도 보은군 수한면,경상사고,0,0,2,0,차대차 - 추돌,안전운전불이행,건조,맑음,단일로 - 터널,승용,남,26세,경상,승용,남,32세,경상
2019091300100334,2019년 9월 13일 17시,금요일,충청북도 보은군 수한면,중상사고,0,3,1,2,차대차 - 추돌,안전거리미확보,건조,맑음,단일로 - 터널,승용,여,38세,중상,승용,남,51세,상해없음
2019092200100283,2019년 9월 22일 15시,일요일,충청북도 보은군 회인면,경상사고,0,0,4,0,차대차 - 측면충돌,안전운전불이행,젖음/습기,비,단일로 - 교량,승용,남,58세,상해없음,승용,여,45세,경상
2019092800100131,2019년 9월 28일 06시,토요일,충청남도 공주시 유구읍,경상사고,0,0,1,0,차대차 - 추돌,안전운전불이행,건조,맑음,단일로 - 기타,승용,남,38세,상해없음,승용,남,38세,상해없음
2019092800100132,2019년 9월 28일 06시,토요일,충청남도 공주시 유구읍,사망사고,1,0,1,0,차대차 - 추돌,안전운전불이행,건조,맑음,단일로 - 기타,특수,남,55세,경상,건설기계,남,65세,사망
2019100200100515,2019년 10월 2일 17시,수요일,충청남도 예산군 오가면,중상사고,0,1,1,0,차대차 - 추돌,안전운전불이행,젖음/습기,비,기타 - 기타,승용,남,44세,상해없음,화물,남,60세,경상
2019100700100373,2019년 10월 7일 14시,월요일,충청남도 공주시 반포면,경상사고,0,0,3,0,차대차 - 측면충돌,안전운전불이행,젖음/습기,비,단일로 - 기타,화물,남,72세,상해없음,승용,남,31세,경상
2019100800100431,2019년 10월 8일 15시,화요일,경상북도 안동시 길안면,경상사고,0,0,2,0,차대차 - 측면충돌,과속,건조,맑음,단일로 - 터널,승용,남,81세,상해없음,승용,여,43세,상해없음
2019101700100655,2019년 10월 17일 21시,목요일,경상북도 상주시 거동동,경상사고,0,0,2,0,차대차 - 기타,안전운전불이행,건조,맑음,단일로 - 기타,승용,여,51세,상해없음,승용,남,61세,경상
2019101800100533,2019년 10월 18일 17시,금요일,경상북도 상주시 내서면,중상사고,0,2,10,0,차대차 - 추돌,안전운전불이행,건조,맑음,단일로 - 기타,화물,남,47세,상해없음,승합,남,44세,중상
2019102100100447,2019년 10월 21일 15시,월요일,경상북도 상주시 내서면,사망사고,1,0,0,0,차량단독 - 전도전복 - 전도,안전운전불이행,건조,맑음,단일로 - 기타,건설기계,남,42세,사망,,,,
2019102700100494,2019년 10월 27일 18시,일요일,충청남도 공주시 우성면,경상사고,0,0,2,0,차대차 - 추돌,신호위반,건조,맑음,단일로 - 기타,승합,남,54세,상해없음,승용,남,66세,경상
2019110800100475,2019년 11월 8일 15시,금요일,경상북도 상주시 지천동,경상사고,0,0,1,0,차대차 - 기타,안전운전불이행,건조,맑음,단일로 - 기타,승용,남,26세,상해없음,화물,남,34세,경상
2019111900100449,2019년 11월 19일 15시,화요일,충청북도 보은군 수한면,중상사고,0,1,1,0,차대차 - 추돌,안전운전불이행,건조,맑음,단일로 - 기타,승용,남,47세,상해없음,승용,남,45세,중상
2019112200100214,2019년 11월 22일 09시,금요일,충청남도 공주시 우성면,경상사고,0,0,1,0,차대차 - 추돌,안전운전불이행,건조,맑음,단일로 - 기타,승용,남,72세,상해없음,화물,남,36세,경상
2019112400100281,2019년 11월 24일 15시,일요일,충청남도 공주시 우성면,경상사고,0,0,3,0,차대차 - 추돌,안전운전불이행,건조,맑음,단일로 - 기타,승용,여,44세,상해없음,승용,남,52세,경상
2019112400100465,2019년 11월 24일 19시,일요일,충청남도 당진시 면천면,사망사고,1,0,0,0,차대차 - 기타,안전운전불이행,젖음/습기,비,단일로 - 기타,화물,남,63세,사망,승용,남,37세,상해없음
2019112700100076,2019년 11월 27일 06시,수요일,충청남도 공주시 반포면,경상사고,0,0,1,1,차대차 - 측면충돌,안전운전불이행,젖음/습기,안개,단일로 - 기타,승용,남,60세,상해없음,화물,남,75세,경상
2019112700100262,2019년 11월 27일 12시,수요일,충청북도 보은군 회인면,중상사고,0,1,1,0,차대차 - 추돌,안전거리미확보,건조,맑음,단일로 - 터널,승합,남,56세,상해없음,화물,남,39세,중상
2019120200100574,2019년 12월 2일 20시,월요일,경상북도 상주시 화서면,경상사고,0,0,1,0,차대차 - 추돌,안전운전불이행,건조,맑음,단일로 - 기타,승용,남,29세,상해없음,화물,남,49세,경상
2019120600100260,2019년 12월 6일 11시,금요일,경상북도 상주시 내서면,중상사고,0,2,1,0,차대차 - 측면충돌,안전운전불이행,건조,맑음,단일로 - 기타,화물,남,64세,상해없음,승용,여,64세,중상
2019120600100532,2019년 12월 6일 18시,금요일,대전광역시 유성구 자운동,중상사고,0,1,1,0,차대차 - 추돌,안전운전불이행,건조,맑음,단일로 - 기타,화물,남,44세,상해없음,특수,남,40세,경상
2019121500100419,2019년 12월 15일 18시,일요일,충청북도 보은군 마로면,경상사고,0,0,2,0,차대차 - 추돌,안전운전불이행,건조,맑음,기타 - 기타,승용,여,36세,상해없음,승용,남,23세,경상
2019122000100532,2019년 12월 20일 18시,금요일,충청남도 공주시 우성면,경상사고,0,0,1,0,차대차 - 추돌,안전운전불이행,건조,맑음,단일로 - 기타,화물,남,58세,상해없음,승용,여,46세,경상
2020011400100013,2020년 1월 14일 00시,화요일,충청북도 청주시 상당구 문의면,중상사고,0,1,1,0,차대차 - 추돌,안전운전불이행,건조,맑음,단일로 - 기타,특수,남,43세,중상,화물,남,57세,경상
2020012200100733,2020년 1월 22일 23시,수요일,충청북도 청주시 서원구 남이면,경상사고,0,0,2,0,차대차 - 기타,안전운전불이행,젖음/습기,비,단일로 - 기타,화물,남,70세,상해없음,승용,남,36세,경상
2020012400100177,2020년 1월 24일 12시,금요일,충청북도 청주시 상당구 문의면,경상사고,0,0,2,0,차대차 - 추돌,안전운전불이행,건조,맑음,단일로 - 지하차도(도로)내,승용,남,39세,상해없음,승용,남,35세,경상
2020020800100403,2020년 2월 8일 18시,토요일,충청북도 청주시 서원구 남이면,경상사고,0,0,1,0,차대차 - 추돌,안전운전불이행,건조,맑음,단일로 - 기타,승용,남,51세,상해없음,승용,남,58세,상해없음
2020021100100597,2020년 2월 11일 22시,화요일,경상북도 상주시 양촌동,중상사고,0,2,0,0,차대차 - 추돌,안전운전불이행,건조,맑음,단일로 - 기타,특수,남,37세,상해없음,승용,남,36세,중상
2020021700100024,2020년 2월 17일 05시,월요일,충청남도 당진시 면천면,사망사고,1,0,0,0,차대차 - 추돌,안전운전불이행,적설,눈,단일로 - 기타,화물,남,57세,상해없음,화물,남,58세,사망
2020022200100021,2020년 2월 22일 00시,토요일,경상북도 상주시 화서면,중상사고,0,1,0,0,차대차 - 추돌,안전운전불이행,젖음/습기,비,단일로 - 기타,화물,남,54세,상해없음,화물,남,61세,중상
2020030500100006,2020년 3월 5일 00시,목요일,충청북도 보은군 탄부면,사망사고,2,0,2,0,차대차 - 추돌,안전운전불이행,건조,맑음,기타 - 기타,특수,남,57세,경상,화물,남,56세,경상
2020031100100141,2020년 3월 11일 10시,수요일,충청북도 보은군 마로면,경상사고,0,0,1,0,차대차 - 기타,기타,건조,맑음,단일로 - 기타,승용,남,36세,상해없음,화물,남,37세,경상
2020031400100315,2020년 3월 14일 15시,토요일,충청남도 공주시 월미동,사망사고,1,2,9,0,차대차 - 추돌,안전운전불이행,건조,맑음,기타 - 기타,승용,남,25세,경상,승용,남,51세,경상
2020031700100376,2020년 3월 17일 19시,화요일,경기도 평택시 고덕면,경상사고,0,0,2,0,차대차 - 기타,안전운전불이행,건조,맑음,기타 - 기타,특수,남,56세,상해없음,승용,여,43세,경상
2020032200100336,2020년 3월 22일 19시,일요일,경상북도 상주시 화서면,경상사고,0,0,1,0,차대차 - 추돌,안전운전불이행,건조,맑음,단일로 - 기타,승용,남,25세,상해없음,화물,남,65세,경상
2020032800100199,2020년 3월 28일 12시,토요일,충청북도 청주시 상당구 문의면,경상사고,0,0,1,0,차대차 - 추돌,안전운전불이행,건조,맑음,단일로 - 교량,화물,남,51세,상해없음,화물,남,41세,경상
2020042100100033,2020년 4월 21일 05시,화요일,충청남도 공주시 의당면,중상사고,0,3,0,0,차대차 - 추돌,안전운전불이행,건조,맑음,단일로 - 기타,화물,남,37세,상해없음,화물,기타불명,미분류,기타불명
2020042800100310,2020년 4월 28일 14시,화요일,충청남도 공주시 의당면,중상사고,0,2,1,0,차대차 - 추돌,과속,건조,맑음,기타 - 기타,승용,남,31세,상해없음,승용,남,33세,상해없음
2020050300100264,2020년 5월 3일 16시,일요일,충청남도 공주시 우성면,경상사고,0,0,9,0,차대차 - 기타,안전운전불이행,건조,맑음,단일로 - 기타,승용,여,38세,경상,승용,남,58세,경상
2020050600100321,2020년 5월 6일 14시,수요일,충청북도 보은군 회인면,중상사고,0,1,4,0,차대차 - 추돌,안전운전불이행,건조,맑음,단일로 - 지하차도(도로)내,화물,남,36세,중상,승용,남,36세,경상
2020052100100044,2020년 5월 21일 06시,목요일,경기도 평택시 고덕면,경상사고,0,0,1,0,차대차 - 측면충돌,안전거리미확보,건조,맑음,단일로 - 기타,화물,남,63세,상해없음,승용,남,61세,경상
2020052300100439,2020년 5월 23일 17시,토요일,충청북도 보은군 탄부면,경상사고,0,0,1,0,차대차 - 후진중충돌,안전운전불이행,건조,맑음,기타 - 기타,승용,남,36세,상해없음,승용,남,23세,경상
2020060100100408,2020년 6월 1일 15시,월요일,경상북도 상주시 가장동,사망사고,1,0,0,0,차대차 - 추돌,안전운전불이행,건조,맑음,단일로 - 기타,화물,남,55세,사망,화물,남,45세,상해없음
2020060300100550,2020년 6월 3일 20시,수요일,충청북도 보은군 탄부면,경상사고,0,0,2,0,차대차 - 기타,기타,건조,맑음,단일로 - 기타,화물,남,35세,상해없음,승용,남,29세,상해없음
2020060500100612,2020년 6월 5일 20시,금요일,대전광역시 유성구 안산동,경상사고,0,0,1,0,차대차 - 정면충돌,안전운전불이행,건조,맑음,단일로 - 기타,승용,여,25세,상해없음,승용,남,55세,경상
2020061000100564,2020년 6월 10일 19시,수요일,충청북도 청주시 상당구 가덕면,중상사고,0,1,0,0,차대차 - 기타,안전운전불이행,젖음/습기,비,단일로 - 지하차도(도로)내,승용,여,49세,상해없음,승용,남,30세,상해없음
2020061700100325,2020년 6월 17일 14시,수요일,충청남도 공주시 신풍면,경상사고,0,0,3,0,차대차 - 추돌,안전운전불이행,건조,맑음,단일로 - 기타,승합,남,48세,상해없음,화물,남,64세,경상
2020062000100438,2020년 6월 20일 16시,토요일,경상북도 상주시 외남면,경상사고,0,0,1,0,차대차 - 추돌,안전운전불이행,건조,맑음,단일로 - 기타,승용,남,48세,상해없음,화물,남,43세,경상
2020062700100007,2020년 6월 27일 00시,토요일,충청남도 예산군 신양면,경상사고,0,0,1,0,차대차 - 측면충돌,안전운전불이행,건조,맑음,기타 - 기타,특수,남,49세,상해없음,승용,남,23세,경상
2020062800100349,2020년 6월 28일 17시,일요일,충청북도 보은군 회인면,중상사고,0,3,1,0,차대차 - 추돌,안전거리미확보,건조,맑음,단일로 - 터널,승용,남,31세,상해없음,승용,남,57세,중상
2020071600100460,2020년 7월 16일 17시,목요일,충청남도 공주시 사곡면,경상사고,0,0,2,0,차대차 - 추돌,안전운전불이행,건조,맑음,기타 - 기타,화물,남,42세,상해없음,승용,남,44세,경상
2020072500100286,2020년 7월 25일 13시,토요일,충청북도 보은군 회인면,중상사고,0,1,1,1,차대차 - 측면충돌,신호위반,젖음/습기,비,단일로 - 터널,화물,남,56세,부상신고,승용,여,52세,경상
2020081600100315,2020년 8월 16일 16시,일요일,충청북도 보은군 탄부면,경상사고,0,0,1,0,차대차 - 후진중충돌,안전운전불이행,건조,맑음,단일로 - 기타,화물,남,54세,상해없음,승용,남,28세,경상
2020081600100326,2020년 8월 16일 16시,일요일,경상북도 상주시 내서면,경상사고,0,0,1,0,차대차 - 추돌,안전운전불이행,건조,맑음,단일로 - 기타,승용,여,38세,상해없음,승용,여,36세,경상
2020081700100394,2020년 8월 17일 17시,월요일,충청북도 보은군 회인면,경상사고,0,0,14,0,차대차 - 추돌,안전운전불이행,건조,맑음,단일로 - 기타,승용,남,48세,경상,화물,남,52세,경상
2020082500100228,2020년 8월 25일 11시,화요일,경상북도 상주시 낙동면,중상사고,0,1,3,0,차대차 - 추돌,안전운전불이행,건조,맑음,단일로 - 기타,승용,남,53세,상해없음,화물,남,42세,경상
2020082500100402,2020년 8월 25일 16시,화요일,충청남도 공주시 의당면,중상사고,0,1,0,0,차대사람 - 차도통행중,안전운전불이행,건조,맑음,단일로 - 기타,화물,남,62세,상해없음,보행자,남,54세,중상
2020082800100622,2020년 8월 28일 22시,금요일,충청남도 공주시 우성면,경상사고,0,0,2,0,차대차 - 추돌,안전운전불이행,젖음/습기,비,단일로 - 기타,승용,남,55세,상해없음,승용,남,32세,경상
2020090100100169,2020년 9월 1일 11시,화요일,충청북도 보은군 마로면,사망사고,1,0,0,0,차대차 - 추돌,안전운전불이행,건조,맑음,단일로 - 지하차도(도로)내,화물,남,57세,사망,특수,남,61세,상해없음
2020090700100109,2020년 9월 7일 08시,월요일,경상북도 영덕군 지품면,중상사고,0,1,0,0,차량단독 - 기타,안전운전불이행,젖음/습기,비,단일로 - 기타,승용,여,44세,중상,,,,
2020092100100555,2020년 9월 21일 18시,월요일,충청남도 공주시 반포면,경상사고,0,0,5,0,차대차 - 추돌,안전운전불이행,건조,맑음,단일로 - 기타,승용,남,36세,상해없음,승용,남,51세,경상
2020101100100327,2020년 10월 11일 17시,일요일,충청북도 보은군 수한면,경상사고,0,0,2,0,차대차 - 추돌,안전운전불이행,건조,맑음,단일로 - 기타,승용,남,42세,상해없음,승용,여,54세,경상
2020102100100711,2020년 10월 21일 23시,수요일,경상북도 상주시 화서면,사망사고,1,0,0,0,차대차 - 기타,기타,젖음/습기,흐림,단일로 - 기타,화물,남,41세,상해없음,화물,남,42세,상해없음
2020110100100011,2020년 11월 1일 00시,일요일,경상북도 안동시 길안면,경상사고,0,0,2,0,차대차 - 정면충돌,중앙선침범,건조,맑음,단일로 - 기타,승용,남,69세,상해없음,승용,남,35세,경상
2020110600100318,2020년 11월 6일 15시,금요일,경상북도 상주시 내서면,경상사고,0,0,2,0,차대차 - 기타,차로위반,건조,맑음,단일로 - 기타,화물,남,59세,상해없음,승용,남,36세,경상
2020110900100160,2020년 11월 9일 09시,월요일,충청남도 공주시 월송동,경상사고,0,0,2,0,차대차 - 기타,안전운전불이행,건조,맑음,단일로 - 기타,승용,남,59세,상해없음,승용,남,27세,경상
2020111600100187,2020년 11월 16일 10시,월요일,경상북도 상주시 외남면,사망사고,1,0,1,0,차대차 - 추돌,안전거리미확보,건조,맑음,단일로 - 기타,승용,남,35세,사망,화물,남,43세,경상
2020111900100287,2020년 11월 19일 11시,목요일,충청북도 청주시 상당구 문의면,경상사고,0,0,1,0,차대차 - 측면충돌,안전운전불이행,젖음/습기,비,주차장 - 주차장,화물,남,61세,상해없음,승합,남,36세,경상
2020112000100448,2020년 11월 20일 17시,금요일,대전광역시 유성구 하기동,중상사고,0,3,2,2,차대차 - 추돌,안전운전불이행,건조,맑음,단일로 - 기타,특수,남,51세,상해없음,화물,남,31세,중상
2020112700100533,2020년 11월 27일 19시,금요일,대전광역시 유성구 하기동,경상사고,0,0,1,0,차대차 - 추돌,안전운전불이행,건조,맑음,단일로 - 기타,화물,남,39세,상해없음,승용,남,34세,경상
2020113000100509,2020년 11월 30일 18시,월요일,경상북도 상주시 내서면,경상사고,0,0,2,0,차대차 - 기타,안전운전불이행,건조,맑음,단일로 - 기타,화물,남,66세,상해없음,승용,여,71세,경상
2020120700100026,2020년 12월 7일 05시,월요일,경상북도 상주시 내서면,중상사고,0,1,0,0,차대차 - 추돌,안전운전불이행,건조,맑음,단일로 - 기타,승용,남,39세,상해없음,승용,남,54세,중상
2020120900100022,2020년 12월 9일 05시,수요일,경상북도 상주시 화서면,사망사고,1,0,0,0,차대차 - 추돌,안전운전불이행,건조,맑음,단일로 - 기타,화물,남,44세,사망,화물,남,72세,상해없음
2020121700100487,2020년 12월 17일 19시,목요일,경상북도 상주시 양촌동,경상사고,0,0,1,0,차대차 - 측면충돌,안전거리미확보,건조,맑음,단일로 - 기타,화물,남,51세,상해없음,승용,남,60세,경상